StateId,StateName,SubId,SubName,Applicant,Sended,Positived,Executed
1604,Ақмола облысы,12,Заявка на получение субсидий на ведение селекционной и племенной работы с товарным маточным поголовьем крупного рогатого скота,124,166,143,137
1604,Ақмола облысы,13,Заявка на получение субсидий на ведение селекционной и племенной работы с племенным маточным поголовьем крупного рогатого скота,44,75,64,61
1604,Ақмола облысы,7,Заявка на получение субсидий за приобретение племенных быков-производителей мясных и мясо-молочных пород,89,190,122,114
1604,Ақмола облысы,4,Заявка на получение субсидий за приобретение отечественного племенного маточного поголовья крупного рогатого скота (мясных и мясо-молочных пород),31,66,42,40
1604,Ақмола облысы,1,"Заявка на получение субсидий за приобретение отечественного племенного маточного поголовья крупного рогатого скота (молочных, молочно-мясных)",3,10,8,4
1604,Ақмола облысы,2,"Заявка на получение субсидий за приобретение импортированного племенного маточного поголовья крупного рогатого скота из стран Содружества Независимых Государств, Украины (молочных, молочно-мясных)",1,9,6,5
1604,Ақмола облысы,3,"Заявка на получение субсидий за приобретение импортированного племенного маточного поголовья крупного рогатого скота из Австралии, стран Северной и Южной Америки, стран Европы (молочных, молочно-мясных)",4,35,24,24
1604,Ақмола облысы,14,Заявка на получение субсидий за приобретеное однополое семя племенного быка молочного/ молочно-мясного и мясного/мясо-молочного направлений,2,15,12,7
1604,Ақмола облысы,15,Заявка на получение субсидий за приобретеное двуполое семя племенного быка молочного/ молочно-мясного и мясного/мясо-молочного направлений,8,29,22,21
1604,Ақмола облысы,22,"Заявка на получение субсидий на удешевление стоимости крупного рогатого скота (в том числе племенные мужские особи молочных или молочно-мясных пород), реализованных или перемещенных на откорм в откормочные площадки или мясоперерабатывающие предприятия с убойной мощностью не менее 50 голов крупного рогатого скота в сутки",70,276,210,202
1604,Ақмола облысы,17,Заявка на получение субсидий на удешевление стоимости производства молока (коровье) с фуражным поголовьем коров от 600 голов,7,314,250,233
1604,Ақмола облысы,18,Заявка на получение субсидий на удешевление стоимости производства молока (коровье) с фуражным поголовьем коров от 400 голов,2,43,36,35
1604,Ақмола облысы,19,Заявка на получение субсидий на удешевление стоимости производства молока (коровье) с фуражным поголовьем коров от 50 голов,20,573,435,405
1604,Ақмола облысы,20,Заявка на получение субсидий на удешевление стоимости производства молока (коровье) Сельскохозяйственный кооператив,8,136,88,73
1604,Ақмола облысы,115,Заявка на удешевление затрат при выращивании племенного молодняка крупного рогатого скота мясного направления,7,42,34,33
1604,Ақмола облысы,37,Заявка на получение субсидий на ведение селекционной и племенной работы с товарным маточным поголовьем овец,3,3,3,3
1604,Ақмола облысы,36,Заявка на получение субсидий на ведение селекционной и племенной работы с племенным маточным поголовьем овец,3,3,3,3
1604,Ақмола облысы,31,Заявка на получение субсидий за приобретение отечественных племенных овец,6,15,7,7
1604,Ақмола облысы,39,"Заявка на получение субсидий на удешевление стоимости мелкого рогатого скота мужских особей, реализованных или перемещенных на откорм в откормочные площадки или мясоперерабатывающие предприятия с убойной мощностью не менее 300 голов овец в сутки",1,1,0,0
1604,Ақмола облысы,54,Заявка на получение субсидий за приобретение племенного суточного молодняка родительской/прародительской формы мясного направления птиц ,1,2,2,2
1604,Ақмола облысы,55,"Заявка на получение субсидий за приобретение суточного молодняка финальной формы яичного направления, полученного от племенной птицы",3,58,37,35
1604,Ақмола облысы,56,Заявка на получение субсидий на удешевление стоимости производства мяса птицы (мясо птицы) фактическое производство от 15 000 тонн,2,63,58,44
1604,Ақмола облысы,57,Заявка на получение субсидий на удешевление стоимости производства мяса птицы (мясо птицы) фактическое производство от 10 000 тонн,1,63,48,48
1604,Ақмола облысы,59,Заявка на получение субсидий на удешевление стоимости производства мяса птицы (мясо птицы) фактическое производство от 500 тонн,3,113,62,60
1604,Ақмола облысы,11,Заявка на получение субсидий племенным и дистрибьютерным центрам за услуги по искусственному осеменению маточного поголовья крупного рогатого скота в крестьянских (фермерских) хозяйствах и сельскохозяйственных кооперативах,1,1,1,1
2652,Ақтөбе облысы,12,Заявка на получение субсидий на ведение селекционной и племенной работы с товарным маточным поголовьем крупного рогатого скота,1087,1755,1734,1721
2652,Ақтөбе облысы,13,Заявка на получение субсидий на ведение селекционной и племенной работы с племенным маточным поголовьем крупного рогатого скота,257,471,456,455
2652,Ақтөбе облысы,7,Заявка на получение субсидий за приобретение племенных быков-производителей мясных и мясо-молочных пород,1003,1450,1310,1278
2652,Ақтөбе облысы,4,Заявка на получение субсидий за приобретение отечественного племенного маточного поголовья крупного рогатого скота (мясных и мясо-молочных пород),243,461,390,362
2652,Ақтөбе облысы,1,"Заявка на получение субсидий за приобретение отечественного племенного маточного поголовья крупного рогатого скота (молочных, молочно-мясных)",29,49,38,32
2652,Ақтөбе облысы,3,"Заявка на получение субсидий за приобретение импортированного племенного маточного поголовья крупного рогатого скота из Австралии, стран Северной и Южной Америки, стран Европы (молочных, молочно-мясных)",1,2,2,1
2652,Ақтөбе облысы,14,Заявка на получение субсидий за приобретеное однополое семя племенного быка молочного/ молочно-мясного и мясного/мясо-молочного направлений,1,5,4,4
2652,Ақтөбе облысы,15,Заявка на получение субсидий за приобретеное двуполое семя племенного быка молочного/ молочно-мясного и мясного/мясо-молочного направлений,4,5,5,5
2652,Ақтөбе облысы,22,"Заявка на получение субсидий на удешевление стоимости крупного рогатого скота (в том числе племенные мужские особи молочных или молочно-мясных пород), реализованных или перемещенных на откорм в откормочные площадки или мясоперерабатывающие предприятия с убойной мощностью не менее 50 голов крупного рогатого скота в сутки",326,833,774,751
2652,Ақтөбе облысы,17,Заявка на получение субсидий на удешевление стоимости производства молока (коровье) с фуражным поголовьем коров от 600 голов,1,30,29,28
2652,Ақтөбе облысы,18,Заявка на получение субсидий на удешевление стоимости производства молока (коровье) с фуражным поголовьем коров от 400 голов,1,1,1,1
2652,Ақтөбе облысы,19,Заявка на получение субсидий на удешевление стоимости производства молока (коровье) с фуражным поголовьем коров от 50 голов,3,25,23,23
2652,Ақтөбе облысы,37,Заявка на получение субсидий на ведение селекционной и племенной работы с товарным маточным поголовьем овец,319,327,324,324
2652,Ақтөбе облысы,115,Заявка на удешевление затрат при выращивании племенного молодняка крупного рогатого скота мясного направления,47,153,110,96
2652,Ақтөбе облысы,116,Заявка на удешевление затрат при выращивании племенного молодняка мелкого рогатого скота,34,97,71,65
2652,Ақтөбе облысы,36,Заявка на получение субсидий на ведение селекционной и племенной работы с племенным маточным поголовьем овец,93,103,99,99
2652,Ақтөбе облысы,31,Заявка на получение субсидий за приобретение отечественных племенных овец,304,440,394,392
2652,Ақтөбе облысы,39,"Заявка на получение субсидий на удешевление стоимости мелкого рогатого скота мужских особей, реализованных или перемещенных на откорм в откормочные площадки или мясоперерабатывающие предприятия с убойной мощностью не менее 300 голов овец в сутки",1,1,1,1
2652,Ақтөбе облысы,43,Заявка на получение субсидий на удешевление стоимости затрат на корма сельскохозяйственным животным (маточное поголовье мелкого рогаvтого скота),29,37,33,33
2652,Ақтөбе облысы,44,Заявка на получение субсидий на удешевление стоимости производства молока (кобылье),3,21,17,17
2652,Ақтөбе облысы,52,Заявка на получение субсидий на ведение селекционной и племенной работы с маточным поголовьем маралов (оленей),1,1,1,1
2652,Ақтөбе облысы,55,"Заявка на получение субсидий за приобретение суточного молодняка финальной формы яичного направления, полученного от племенной птицы",1,11,8,7
2652,Ақтөбе облысы,11,Заявка на получение субсидий племенным и дистрибьютерным центрам за услуги по искусственному осеменению маточного поголовья крупного рогатого скота в крестьянских (фермерских) хозяйствах и сельскохозяйственных кооперативах,1,1,1,1
4203,Атырау облысы,12,Заявка на получение субсидий на ведение селекционной и племенной работы с товарным маточным поголовьем крупного рогатого скота,360,537,511,511
4203,Атырау облысы,13,Заявка на получение субсидий на ведение селекционной и племенной работы с племенным маточным поголовьем крупного рогатого скота,55,98,96,96
4203,Атырау облысы,7,Заявка на получение субсидий за приобретение племенных быков-производителей мясных и мясо-молочных пород,292,431,364,364
4203,Атырау облысы,4,Заявка на получение субсидий за приобретение отечественного племенного маточного поголовья крупного рогатого скота (мясных и мясо-молочных пород),54,95,84,83
4203,Атырау облысы,1,"Заявка на получение субсидий за приобретение отечественного племенного маточного поголовья крупного рогатого скота (молочных, молочно-мясных)",1,2,1,1
4203,Атырау облысы,22,"Заявка на получение субсидий на удешевление стоимости крупного рогатого скота (в том числе племенные мужские особи молочных или молочно-мясных пород), реализованных или перемещенных на откорм в откормочные площадки или мясоперерабатывающие предприятия с убойной мощностью не менее 50 голов крупного рогатого скота в сутки",5,7,7,7
4203,Атырау облысы,23,Заявка на получение субсидий на удешевление стоимости затрат на корма маточному поголовью сельскохозяйственных животных (маточное поголовье крупного рогатого скота молочного и молочно-мясного направления),1,2,2,2
4203,Атырау облысы,108,Удешевление стоимости затрат на корма маточному поголовью сельскохозяйственных животных (маточное поголовье крупного рогатого скота молочного и молочно-мясного направления),1,3,1,1
4203,Атырау облысы,18,Заявка на получение субсидий на удешевление стоимости производства молока (коровье) с фуражным поголовьем коров от 400 голов,1,41,34,33
4203,Атырау облысы,115,Заявка на удешевление затрат при выращивании племенного молодняка крупного рогатого скота мясного направления,11,40,30,30
4203,Атырау облысы,116,Заявка на удешевление затрат при выращивании племенного молодняка мелкого рогатого скота,3,8,7,6
4203,Атырау облысы,37,Заявка на получение субсидий на ведение селекционной и племенной работы с товарным маточным поголовьем овец,56,60,56,56
4203,Атырау облысы,36,Заявка на получение субсидий на ведение селекционной и племенной работы с племенным маточным поголовьем овец,16,17,16,16
4203,Атырау облысы,31,Заявка на получение субсидий за приобретение отечественных племенных овец,34,49,39,39
4203,Атырау облысы,43,Заявка на получение субсидий на удешевление стоимости затрат на корма сельскохозяйственным животным (маточное поголовье мелкого рогаvтого скота),1,1,1,1
4203,Атырау облысы,44,Заявка на получение субсидий на удешевление стоимости производства молока (кобылье),1,19,14,14
4203,Атырау облысы,47,Заявка на получение субсидий на удешевление стоимости производства молока (верблюжье),6,128,90,89
4824,Батыс Қазақстан облысы,12,Заявка на получение субсидий на ведение селекционной и племенной работы с товарным маточным поголовьем крупного рогатого скота,2199,3534,3371,3365
4824,Батыс Қазақстан облысы,13,Заявка на получение субсидий на ведение селекционной и племенной работы с племенным маточным поголовьем крупного рогатого скота,647,1266,1227,1224
4824,Батыс Қазақстан облысы,7,Заявка на получение субсидий за приобретение племенных быков-производителей мясных и мясо-молочных пород,1784,3069,2468,2430
4824,Батыс Қазақстан облысы,4,Заявка на получение субсидий за приобретение отечественного племенного маточного поголовья крупного рогатого скота (мясных и мясо-молочных пород),477,1144,866,774
4824,Батыс Қазақстан облысы,1,"Заявка на получение субсидий за приобретение отечественного племенного маточного поголовья крупного рогатого скота (молочных, молочно-мясных)",14,31,19,16
4824,Батыс Қазақстан облысы,2,"Заявка на получение субсидий за приобретение импортированного племенного маточного поголовья крупного рогатого скота из стран Содружества Независимых Государств, Украины (молочных, молочно-мясных)",1,2,1,1
4824,Батыс Қазақстан облысы,3,"Заявка на получение субсидий за приобретение импортированного племенного маточного поголовья крупного рогатого скота из Австралии, стран Северной и Южной Америки, стран Европы (молочных, молочно-мясных)",2,5,2,2
4824,Батыс Қазақстан облысы,15,Заявка на получение субсидий за приобретеное двуполое семя племенного быка молочного/ молочно-мясного и мясного/мясо-молочного направлений,2,3,1,1
4824,Батыс Қазақстан облысы,22,"Заявка на получение субсидий на удешевление стоимости крупного рогатого скота (в том числе племенные мужские особи молочных или молочно-мясных пород), реализованных или перемещенных на откорм в откормочные площадки или мясоперерабатывающие предприятия с убойной мощностью не менее 50 голов крупного рогатого скота в сутки",960,3207,2562,2403
4824,Батыс Қазақстан облысы,24,Удешевление стоимости затрат на корма сельскохозяйственным животным (маточное поголовье крупного рогатого скота),1171,1397,1222,1220
4824,Батыс Қазақстан облысы,17,Заявка на получение субсидий на удешевление стоимости производства молока (коровье) с фуражным поголовьем коров от 600 голов,1,1,0,0
4824,Батыс Қазақстан облысы,18,Заявка на получение субсидий на удешевление стоимости производства молока (коровье) с фуражным поголовьем коров от 400 голов,1,5,3,2
4824,Батыс Қазақстан облысы,19,Заявка на получение субсидий на удешевление стоимости производства молока (коровье) с фуражным поголовьем коров от 50 голов,5,81,63,57
4824,Батыс Қазақстан облысы,20,Заявка на получение субсидий на удешевление стоимости производства молока (коровье) Сельскохозяйственный кооператив,3,99,53,52
4824,Батыс Қазақстан облысы,115,Заявка на удешевление затрат при выращивании племенного молодняка крупного рогатого скота мясного направления,155,579,387,333
4824,Батыс Қазақстан облысы,116,Заявка на удешевление затрат при выращивании племенного молодняка мелкого рогатого скота,14,58,33,17
4824,Батыс Қазақстан облысы,37,Заявка на получение субсидий на ведение селекционной и племенной работы с товарным маточным поголовьем овец,367,392,381,380
4824,Батыс Қазақстан облысы,36,Заявка на получение субсидий на ведение селекционной и племенной работы с племенным маточным поголовьем овец,80,84,84,84
4824,Батыс Қазақстан облысы,31,Заявка на получение субсидий за приобретение отечественных племенных овец,253,351,288,286
4824,Батыс Қазақстан облысы,39,"Заявка на получение субсидий на удешевление стоимости мелкого рогатого скота мужских особей, реализованных или перемещенных на откорм в откормочные площадки или мясоперерабатывающие предприятия с убойной мощностью не менее 300 голов овец в сутки",27,47,41,41
4824,Батыс Қазақстан облысы,40,Удешевление стоимости затрат на корма сельскохозяйственным животным (маточное поголовье мелкого рогатого скота),595,672,599,597
4824,Батыс Қазақстан облысы,43,Заявка на получение субсидий на удешевление стоимости затрат на корма сельскохозяйственным животным (маточное поголовье мелкого рогаvтого скота),13,17,13,13
4824,Батыс Қазақстан облысы,45,Удешевление стоимости затрат на корма сельскохозяйственным животным (маточное поголовье лошадей),766,896,813,812
4824,Батыс Қазақстан облысы,53,Заявка на получение субсидий на ведение селекционной и племенной работы с пчелосемьями,2,3,2,2
4824,Батыс Қазақстан облысы,55,"Заявка на получение субсидий за приобретение суточного молодняка финальной формы яичного направления, полученного от племенной птицы",2,19,13,12
4824,Батыс Қазақстан облысы,57,Заявка на получение субсидий на удешевление стоимости производства мяса птицы (мясо птицы) фактическое производство от 10 000 тонн,1,1,0,0
4824,Батыс Қазақстан облысы,58,Заявка на получение субсидий на удешевление стоимости производства мяса птицы (мясо птицы) фактическое производство от 5 000 тонн,2,53,49,47
4824,Батыс Қазақстан облысы,11,Заявка на получение субсидий племенным и дистрибьютерным центрам за услуги по искусственному осеменению маточного поголовья крупного рогатого скота в крестьянских (фермерских) хозяйствах и сельскохозяйственных кооперативах,1,15,11,11
11528,Павлодар облысы,12,Заявка на получение субсидий на ведение селекционной и племенной работы с товарным маточным поголовьем крупного рогатого скота,876,1203,1169,1163
11528,Павлодар облысы,13,Заявка на получение субсидий на ведение селекционной и племенной работы с племенным маточным поголовьем крупного рогатого скота,197,330,325,324
11528,Павлодар облысы,7,Заявка на получение субсидий за приобретение племенных быков-производителей мясных и мясо-молочных пород,714,1202,986,911
11528,Павлодар облысы,4,Заявка на получение субсидий за приобретение отечественного племенного маточного поголовья крупного рогатого скота (мясных и мясо-молочных пород),145,302,227,174
11528,Павлодар облысы,1,"Заявка на получение субсидий за приобретение отечественного племенного маточного поголовья крупного рогатого скота (молочных, молочно-мясных)",12,28,18,12
11528,Павлодар облысы,2,"Заявка на получение субсидий за приобретение импортированного племенного маточного поголовья крупного рогатого скота из стран Содружества Независимых Государств, Украины (молочных, молочно-мясных)",1,3,3,3
11528,Павлодар облысы,3,"Заявка на получение субсидий за приобретение импортированного племенного маточного поголовья крупного рогатого скота из Австралии, стран Северной и Южной Америки, стран Европы (молочных, молочно-мясных)",6,29,22,22
11528,Павлодар облысы,14,Заявка на получение субсидий за приобретеное однополое семя племенного быка молочного/ молочно-мясного и мясного/мясо-молочного направлений,10,215,193,104
11528,Павлодар облысы,15,Заявка на получение субсидий за приобретеное двуполое семя племенного быка молочного/ молочно-мясного и мясного/мясо-молочного направлений,15,134,119,54
11528,Павлодар облысы,22,"Заявка на получение субсидий на удешевление стоимости крупного рогатого скота (в том числе племенные мужские особи молочных или молочно-мясных пород), реализованных или перемещенных на откорм в откормочные площадки или мясоперерабатывающие предприятия с убойной мощностью не менее 50 голов крупного рогатого скота в сутки",130,343,251,168
11528,Павлодар облысы,17,Заявка на получение субсидий на удешевление стоимости производства молока (коровье) с фуражным поголовьем коров от 600 голов,15,822,702,470
11528,Павлодар облысы,19,Заявка на получение субсидий на удешевление стоимости производства молока (коровье) с фуражным поголовьем коров от 50 голов,5,146,106,72
11528,Павлодар облысы,20,Заявка на получение субсидий на удешевление стоимости производства молока (коровье) Сельскохозяйственный кооператив,8,255,213,147
11528,Павлодар облысы,114,Заявка на удешевление стоимости производства меда,2,13,9,0
11528,Павлодар облысы,115,Заявка на удешевление затрат при выращивании племенного молодняка крупного рогатого скота мясного направления,33,132,110,3
11528,Павлодар облысы,116,Заявка на удешевление затрат при выращивании племенного молодняка мелкого рогатого скота,11,33,20,2
11528,Павлодар облысы,37,Заявка на получение субсидий на ведение селекционной и племенной работы с товарным маточным поголовьем овец,123,126,123,123
11528,Павлодар облысы,36,Заявка на получение субсидий на ведение селекционной и племенной работы с племенным маточным поголовьем овец,49,52,51,51
11528,Павлодар облысы,31,Заявка на получение субсидий за приобретение отечественных племенных овец,96,150,128,116
11528,Павлодар облысы,32,Заявка на получение субсидий за приобретение импортированных племенных маточных овец,1,1,1,1
11528,Павлодар облысы,33,Заявка на получение субсидий за приобретение импортированных племенных баранов-производителей,1,1,1,1
11528,Павлодар облысы,43,Заявка на получение субсидий на удешевление стоимости затрат на корма сельскохозяйственным животным (маточное поголовье мелкого рогаvтого скота),3,3,3,1
11528,Павлодар облысы,49,Заявка на получение субсидий за приобретение племенного поголовья свиней,1,2,2,2
11528,Павлодар облысы,50,Заявка на получение субсидий на ведение селекционной и племенной работы с маточным и ремонтным поголовьем свиней,1,22,22,22
11528,Павлодар облысы,53,Заявка на получение субсидий на ведение селекционной и племенной работы с пчелосемьями,2,4,3,3
11528,Павлодар облысы,55,"Заявка на получение субсидий за приобретение суточного молодняка финальной формы яичного направления, полученного от племенной птицы",2,12,10,6
11528,Павлодар облысы,56,Заявка на получение субсидий на удешевление стоимости производства мяса птицы (мясо птицы) фактическое производство от 15 000 тонн,1,1,0,0
11528,Павлодар облысы,59,Заявка на получение субсидий на удешевление стоимости производства мяса птицы (мясо птицы) фактическое производство от 500 тонн,2,41,26,0
11528,Павлодар облысы,11,Заявка на получение субсидий племенным и дистрибьютерным центрам за услуги по искусственному осеменению маточного поголовья крупного рогатого скота в крестьянских (фермерских) хозяйствах и сельскохозяйственных кооперативах,1,1,1,1
11528,Павлодар облысы,110,"Заявка на удешевление стоимости свиней, реализованных или перемещенных на убой в мясоперерабатывающие предприятия или на убойные пункты",1,2,2,0
12261,Солтүстік Қазақстан облысы,12,Заявка на получение субсидий на ведение селекционной и племенной работы с товарным маточным поголовьем крупного рогатого скота,55,86,77,77
12261,Солтүстік Қазақстан облысы,13,Заявка на получение субсидий на ведение селекционной и племенной работы с племенным маточным поголовьем крупного рогатого скота,30,46,43,43
12261,Солтүстік Қазақстан облысы,7,Заявка на получение субсидий за приобретение племенных быков-производителей мясных и мясо-молочных пород,63,102,86,85
12261,Солтүстік Қазақстан облысы,4,Заявка на получение субсидий за приобретение отечественного племенного маточного поголовья крупного рогатого скота (мясных и мясо-молочных пород),16,21,19,18
12261,Солтүстік Қазақстан облысы,6,"Заявка на получение субсидий за приобретение импортированного племенного маточного поголовья крупного рогатого скота из Австралии, стран Северной и Южной Америки, стран Европы (мясных и мясо-молочных пород)",1,1,1,1
12261,Солтүстік Қазақстан облысы,1,"Заявка на получение субсидий за приобретение отечественного племенного маточного поголовья крупного рогатого скота (молочных, молочно-мясных)",7,9,9,9
12261,Солтүстік Қазақстан облысы,2,"Заявка на получение субсидий за приобретение импортированного племенного маточного поголовья крупного рогатого скота из стран Содружества Независимых Государств, Украины (молочных, молочно-мясных)",2,2,1,1
12261,Солтүстік Қазақстан облысы,3,"Заявка на получение субсидий за приобретение импортированного племенного маточного поголовья крупного рогатого скота из Австралии, стран Северной и Южной Америки, стран Европы (молочных, молочно-мясных)",13,30,27,26
12261,Солтүстік Қазақстан облысы,14,Заявка на получение субсидий за приобретеное однополое семя племенного быка молочного/ молочно-мясного и мясного/мясо-молочного направлений,10,46,32,32
12261,Солтүстік Қазақстан облысы,15,Заявка на получение субсидий за приобретеное двуполое семя племенного быка молочного/ молочно-мясного и мясного/мясо-молочного направлений,20,65,43,41
12261,Солтүстік Қазақстан облысы,22,"Заявка на получение субсидий на удешевление стоимости крупного рогатого скота (в том числе племенные мужские особи молочных или молочно-мясных пород), реализованных или перемещенных на откорм в откормочные площадки или мясоперерабатывающие предприятия с убойной мощностью не менее 50 голов крупного рогатого скота в сутки",36,228,183,177
12261,Солтүстік Қазақстан облысы,17,Заявка на получение субсидий на удешевление стоимости производства молока (коровье) с фуражным поголовьем коров от 600 голов,12,375,312,302
12261,Солтүстік Қазақстан облысы,18,Заявка на получение субсидий на удешевление стоимости производства молока (коровье) с фуражным поголовьем коров от 400 голов,16,447,387,378
12261,Солтүстік Қазақстан облысы,19,Заявка на получение субсидий на удешевление стоимости производства молока (коровье) с фуражным поголовьем коров от 50 голов,25,499,416,390
12261,Солтүстік Қазақстан облысы,20,Заявка на получение субсидий на удешевление стоимости производства молока (коровье) Сельскохозяйственный кооператив,19,476,404,373
12261,Солтүстік Қазақстан облысы,115,Заявка на удешевление затрат при выращивании племенного молодняка крупного рогатого скота мясного направления,2,3,3,3
12261,Солтүстік Қазақстан облысы,37,Заявка на получение субсидий на ведение селекционной и племенной работы с товарным маточным поголовьем овец,3,3,2,2
12261,Солтүстік Қазақстан облысы,36,Заявка на получение субсидий на ведение селекционной и племенной работы с племенным маточным поголовьем овец,7,7,7,7
12261,Солтүстік Қазақстан облысы,31,Заявка на получение субсидий за приобретение отечественных племенных овец,8,17,12,12
12261,Солтүстік Қазақстан облысы,44,Заявка на получение субсидий на удешевление стоимости производства молока (кобылье),1,24,21,19
12261,Солтүстік Қазақстан облысы,49,Заявка на получение субсидий за приобретение племенного поголовья свиней,1,5,4,4
12261,Солтүстік Қазақстан облысы,50,Заявка на получение субсидий на ведение селекционной и племенной работы с маточным и ремонтным поголовьем свиней,2,5,5,5
12261,Солтүстік Қазақстан облысы,55,"Заявка на получение субсидий за приобретение суточного молодняка финальной формы яичного направления, полученного от племенной птицы",5,42,36,36
12261,Солтүстік Қазақстан облысы,59,Заявка на получение субсидий на удешевление стоимости производства мяса птицы (мясо птицы) фактическое производство от 500 тонн,3,318,210,204
12261,Солтүстік Қазақстан облысы,11,Заявка на получение субсидий племенным и дистрибьютерным центрам за услуги по искусственному осеменению маточного поголовья крупного рогатого скота в крестьянских (фермерских) хозяйствах и сельскохозяйственных кооперативах,1,25,22,22
13161,Түркістан облысы,12,Заявка на получение субсидий на ведение селекционной и племенной работы с товарным маточным поголовьем крупного рогатого скота,359,472,403,403
13161,Түркістан облысы,13,Заявка на получение субсидий на ведение селекционной и племенной работы с племенным маточным поголовьем крупного рогатого скота,22,40,36,36
13161,Түркістан облысы,7,Заявка на получение субсидий за приобретение племенных быков-производителей мясных и мясо-молочных пород,148,185,155,153
13161,Түркістан облысы,4,Заявка на получение субсидий за приобретение отечественного племенного маточного поголовья крупного рогатого скота (мясных и мясо-молочных пород),19,34,27,24
13161,Түркістан облысы,5,"Заявка на получение субсидий за приобретение импортированного племенного маточного поголовья крупного рогатого скота из стран Содружества независимых государств, Украины (мясных и мясо-молочных пород)",1,2,2,2
13161,Түркістан облысы,1,"Заявка на получение субсидий за приобретение отечественного племенного маточного поголовья крупного рогатого скота (молочных, молочно-мясных)",5,5,5,4
13161,Түркістан облысы,2,"Заявка на получение субсидий за приобретение импортированного племенного маточного поголовья крупного рогатого скота из стран Содружества Независимых Государств, Украины (молочных, молочно-мясных)",2,2,2,2
13161,Түркістан облысы,3,"Заявка на получение субсидий за приобретение импортированного племенного маточного поголовья крупного рогатого скота из Австралии, стран Северной и Южной Америки, стран Европы (молочных, молочно-мясных)",3,7,5,5
13161,Түркістан облысы,14,Заявка на получение субсидий за приобретеное однополое семя племенного быка молочного/ молочно-мясного и мясного/мясо-молочного направлений,4,8,8,5
13161,Түркістан облысы,15,Заявка на получение субсидий за приобретеное двуполое семя племенного быка молочного/ молочно-мясного и мясного/мясо-молочного направлений,5,9,9,6
13161,Түркістан облысы,22,"Заявка на получение субсидий на удешевление стоимости крупного рогатого скота (в том числе племенные мужские особи молочных или молочно-мясных пород), реализованных или перемещенных на откорм в откормочные площадки или мясоперерабатывающие предприятия с убойной мощностью не менее 50 голов крупного рогатого скота в сутки",110,170,159,148
13161,Түркістан облысы,117,Заявка на получение субсидий на Удешевление стоимости затрат на корма сельскохозяйственным животным (маточное поголовье крупного рогатого скота молочного и молочно-мясного направления) по Туркестанской области,3,5,4,3
13161,Түркістан облысы,17,Заявка на получение субсидий на удешевление стоимости производства молока (коровье) с фуражным поголовьем коров от 600 голов,1,185,185,152
13161,Түркістан облысы,18,Заявка на получение субсидий на удешевление стоимости производства молока (коровье) с фуражным поголовьем коров от 400 голов,1,13,10,9
13161,Түркістан облысы,19,Заявка на получение субсидий на удешевление стоимости производства молока (коровье) с фуражным поголовьем коров от 50 голов,37,796,757,692
13161,Түркістан облысы,20,Заявка на получение субсидий на удешевление стоимости производства молока (коровье) Сельскохозяйственный кооператив,23,1115,1058,603
13161,Түркістан облысы,111,"Заявка на удешевление стоимости тонкой и полутонкой шерсти,  реализованной на переработку  (шерсть от 60 качества)",1,1,1,0
13161,Түркістан облысы,114,Заявка на удешевление стоимости производства меда,46,111,94,9
13161,Түркістан облысы,115,Заявка на удешевление затрат при выращивании племенного молодняка крупного рогатого скота мясного направления,4,10,6,6
13161,Түркістан облысы,116,Заявка на удешевление затрат при выращивании племенного молодняка мелкого рогатого скота,82,141,124,79
13161,Түркістан облысы,37,Заявка на получение субсидий на ведение селекционной и племенной работы с товарным маточным поголовьем овец,252,265,0,0
13161,Түркістан облысы,36,Заявка на получение субсидий на ведение селекционной и племенной работы с племенным маточным поголовьем овец,631,741,654,654
13161,Түркістан облысы,31,Заявка на получение субсидий за приобретение отечественных племенных овец,316,464,394,301
13161,Түркістан облысы,39,"Заявка на получение субсидий на удешевление стоимости мелкого рогатого скота мужских особей, реализованных или перемещенных на откорм в откормочные площадки или мясоперерабатывающие предприятия с убойной мощностью не менее 300 голов овец в сутки",24,36,33,29
13161,Түркістан облысы,47,Заявка на получение субсидий на удешевление стоимости производства молока (верблюжье),31,279,246,202
13161,Түркістан облысы,53,Заявка на получение субсидий на ведение селекционной и племенной работы с пчелосемьями,59,62,62,62
13161,Түркістан облысы,55,"Заявка на получение субсидий за приобретение суточного молодняка финальной формы яичного направления, полученного от племенной птицы",3,12,10,7
13161,Түркістан облысы,57,Заявка на получение субсидий на удешевление стоимости производства мяса птицы (мясо птицы) фактическое производство от 10 000 тонн,1,1,0,0
13161,Түркістан облысы,59,Заявка на получение субсидий на удешевление стоимости производства мяса птицы (мясо птицы) фактическое производство от 500 тонн,1,42,28,26
13161,Түркістан облысы,11,Заявка на получение субсидий племенным и дистрибьютерным центрам за услуги по искусственному осеменению маточного поголовья крупного рогатого скота в крестьянских (фермерских) хозяйствах и сельскохозяйственных кооперативах,2,21,19,0
13161,Түркістан облысы,35,Заявка на получение субсидий племенным и дистрибьютерным центрам за услуги по искусственному осеменению маточного поголовья овец в хозяйствах и сельскохозяйственных кооперативах,3,117,103,0
16258,Шымкент қ.,12,Заявка на получение субсидий на ведение селекционной и племенной работы с товарным маточным поголовьем крупного рогатого скота,5,9,6,6
16258,Шымкент қ.,7,Заявка на получение субсидий за приобретение племенных быков-производителей мясных и мясо-молочных пород,5,5,1,1
16258,Шымкент қ.,22,"Заявка на получение субсидий на удешевление стоимости крупного рогатого скота (в том числе племенные мужские особи молочных или молочно-мясных пород), реализованных или перемещенных на откорм в откормочные площадки или мясоперерабатывающие предприятия с убойной мощностью не менее 50 голов крупного рогатого скота в сутки",3,5,1,1
16258,Шымкент қ.,19,Заявка на получение субсидий на удешевление стоимости производства молока (коровье) с фуражным поголовьем коров от 50 голов,4,74,48,46
16258,Шымкент қ.,20,Заявка на получение субсидий на удешевление стоимости производства молока (коровье) Сельскохозяйственный кооператив,9,624,498,489
16258,Шымкент қ.,114,Заявка на удешевление стоимости производства меда,7,46,23,21
16258,Шымкент қ.,37,Заявка на получение субсидий на ведение селекционной и племенной работы с товарным маточным поголовьем овец,2,2,2,2
16258,Шымкент қ.,116,Заявка на удешевление затрат при выращивании племенного молодняка мелкого рогатого скота,1,2,2,2
16258,Шымкент қ.,36,Заявка на получение субсидий на ведение селекционной и племенной работы с племенным маточным поголовьем овец,2,3,1,1
16258,Шымкент қ.,31,Заявка на получение субсидий за приобретение отечественных племенных овец,3,3,2,2
16258,Шымкент қ.,53,Заявка на получение субсидий на ведение селекционной и племенной работы с пчелосемьями,3,12,5,5
16258,Шымкент қ.,55,"Заявка на получение субсидий за приобретение суточного молодняка финальной формы яичного направления, полученного от племенной птицы",4,44,19,18
15028,Шығыс Қазақстан облысы,12,Заявка на получение субсидий на ведение селекционной и племенной работы с товарным маточным поголовьем крупного рогатого скота,565,751,738,732
15028,Шығыс Қазақстан облысы,13,Заявка на получение субсидий на ведение селекционной и племенной работы с племенным маточным поголовьем крупного рогатого скота,108,184,178,177
15028,Шығыс Қазақстан облысы,7,Заявка на получение субсидий за приобретение племенных быков-производителей мясных и мясо-молочных пород,396,560,463,450
15028,Шығыс Қазақстан облысы,4,Заявка на получение субсидий за приобретение отечественного племенного маточного поголовья крупного рогатого скота (мясных и мясо-молочных пород),84,127,108,95
15028,Шығыс Қазақстан облысы,1,"Заявка на получение субсидий за приобретение отечественного племенного маточного поголовья крупного рогатого скота (молочных, молочно-мясных)",10,24,20,20
15028,Шығыс Қазақстан облысы,2,"Заявка на получение субсидий за приобретение импортированного племенного маточного поголовья крупного рогатого скота из стран Содружества Независимых Государств, Украины (молочных, молочно-мясных)",1,3,1,1
15028,Шығыс Қазақстан облысы,3,"Заявка на получение субсидий за приобретение импортированного племенного маточного поголовья крупного рогатого скота из Австралии, стран Северной и Южной Америки, стран Европы (молочных, молочно-мясных)",3,7,4,4
15028,Шығыс Қазақстан облысы,14,Заявка на получение субсидий за приобретеное однополое семя племенного быка молочного/ молочно-мясного и мясного/мясо-молочного направлений,6,14,12,11
15028,Шығыс Қазақстан облысы,15,Заявка на получение субсидий за приобретеное двуполое семя племенного быка молочного/ молочно-мясного и мясного/мясо-молочного направлений,10,25,20,16
15028,Шығыс Қазақстан облысы,22,"Заявка на получение субсидий на удешевление стоимости крупного рогатого скота (в том числе племенные мужские особи молочных или молочно-мясных пород), реализованных или перемещенных на откорм в откормочные площадки или мясоперерабатывающие предприятия с убойной мощностью не менее 50 голов крупного рогатого скота в сутки",10,15,11,9
15028,Шығыс Қазақстан облысы,17,Заявка на получение субсидий на удешевление стоимости производства молока (коровье) с фуражным поголовьем коров от 600 голов,5,389,344,303
15028,Шығыс Қазақстан облысы,18,Заявка на получение субсидий на удешевление стоимости производства молока (коровье) с фуражным поголовьем коров от 400 голов,9,279,256,232
15028,Шығыс Қазақстан облысы,19,Заявка на получение субсидий на удешевление стоимости производства молока (коровье) с фуражным поголовьем коров от 50 голов,16,568,503,430
15028,Шығыс Қазақстан облысы,20,Заявка на получение субсидий на удешевление стоимости производства молока (коровье) Сельскохозяйственный кооператив,2,12,6,6
15028,Шығыс Қазақстан облысы,114,Заявка на удешевление стоимости производства меда,7,17,13,9
15028,Шығыс Қазақстан облысы,115,Заявка на удешевление затрат при выращивании племенного молодняка крупного рогатого скота мясного направления,8,15,12,8
15028,Шығыс Қазақстан облысы,116,Заявка на удешевление затрат при выращивании племенного молодняка мелкого рогатого скота,5,10,7,3
15028,Шығыс Қазақстан облысы,37,Заявка на получение субсидий на ведение селекционной и племенной работы с товарным маточным поголовьем овец,102,106,105,104
15028,Шығыс Қазақстан облысы,36,Заявка на получение субсидий на ведение селекционной и племенной работы с племенным маточным поголовьем овец,44,45,45,43
15028,Шығыс Қазақстан облысы,31,Заявка на получение субсидий за приобретение отечественных племенных овец,79,121,99,92
15028,Шығыс Қазақстан облысы,43,Заявка на получение субсидий на удешевление стоимости затрат на корма сельскохозяйственным животным (маточное поголовье мелкого рогаvтого скота),2,2,2,2
15028,Шығыс Қазақстан облысы,49,Заявка на получение субсидий за приобретение племенного поголовья свиней,1,1,1,0
15028,Шығыс Қазақстан облысы,50,Заявка на получение субсидий на ведение селекционной и племенной работы с маточным и ремонтным поголовьем свиней,1,21,15,15
15028,Шығыс Қазақстан облысы,52,Заявка на получение субсидий на ведение селекционной и племенной работы с маточным поголовьем маралов (оленей),3,3,3,3
15028,Шығыс Қазақстан облысы,53,Заявка на получение субсидий на ведение селекционной и племенной работы с пчелосемьями,91,121,115,115
15028,Шығыс Қазақстан облысы,54,Заявка на получение субсидий за приобретение племенного суточного молодняка родительской/прародительской формы мясного направления птиц ,1,14,9,8
15028,Шығыс Қазақстан облысы,56,Заявка на получение субсидий на удешевление стоимости производства мяса птицы (мясо птицы) фактическое производство от 15 000 тонн,1,165,153,124
7912,Қарағанды облысы,12,Заявка на получение субсидий на ведение селекционной и племенной работы с товарным маточным поголовьем крупного рогатого скота,922,1162,1127,1127
7912,Қарағанды облысы,13,Заявка на получение субсидий на ведение селекционной и племенной работы с племенным маточным поголовьем крупного рогатого скота,157,254,245,245
7912,Қарағанды облысы,7,Заявка на получение субсидий за приобретение племенных быков-производителей мясных и мясо-молочных пород,630,893,731,729
7912,Қарағанды облысы,4,Заявка на получение субсидий за приобретение отечественного племенного маточного поголовья крупного рогатого скота (мясных и мясо-молочных пород),151,230,203,202
7912,Қарағанды облысы,1,"Заявка на получение субсидий за приобретение отечественного племенного маточного поголовья крупного рогатого скота (молочных, молочно-мясных)",1,1,1,1
7912,Қарағанды облысы,2,"Заявка на получение субсидий за приобретение импортированного племенного маточного поголовья крупного рогатого скота из стран Содружества Независимых Государств, Украины (молочных, молочно-мясных)",1,9,6,4
7912,Қарағанды облысы,14,Заявка на получение субсидий за приобретеное однополое семя племенного быка молочного/ молочно-мясного и мясного/мясо-молочного направлений,1,2,1,0
7912,Қарағанды облысы,15,Заявка на получение субсидий за приобретеное двуполое семя племенного быка молочного/ молочно-мясного и мясного/мясо-молочного направлений,2,2,2,0
7912,Қарағанды облысы,22,"Заявка на получение субсидий на удешевление стоимости крупного рогатого скота (в том числе племенные мужские особи молочных или молочно-мясных пород), реализованных или перемещенных на откорм в откормочные площадки или мясоперерабатывающие предприятия с убойной мощностью не менее 50 голов крупного рогатого скота в сутки",49,136,114,110
7912,Қарағанды облысы,17,Заявка на получение субсидий на удешевление стоимости производства молока (коровье) с фуражным поголовьем коров от 600 голов,1,2,2,2
7912,Қарағанды облысы,18,Заявка на получение субсидий на удешевление стоимости производства молока (коровье) с фуражным поголовьем коров от 400 голов,1,16,15,14
7912,Қарағанды облысы,19,Заявка на получение субсидий на удешевление стоимости производства молока (коровье) с фуражным поголовьем коров от 50 голов,3,43,30,29
7912,Қарағанды облысы,20,Заявка на получение субсидий на удешевление стоимости производства молока (коровье) Сельскохозяйственный кооператив,3,91,69,66
7912,Қарағанды облысы,115,Заявка на удешевление затрат при выращивании племенного молодняка крупного рогатого скота мясного направления,37,86,73,72
7912,Қарағанды облысы,116,Заявка на удешевление затрат при выращивании племенного молодняка мелкого рогатого скота,10,23,23,22
7912,Қарағанды облысы,37,Заявка на получение субсидий на ведение селекционной и племенной работы с товарным маточным поголовьем овец,225,230,226,226
7912,Қарағанды облысы,36,Заявка на получение субсидий на ведение селекционной и племенной работы с племенным маточным поголовьем овец,33,34,33,33
7912,Қарағанды облысы,31,Заявка на получение субсидий за приобретение отечественных племенных овец,147,182,159,159
7912,Қарағанды облысы,39,"Заявка на получение субсидий на удешевление стоимости мелкого рогатого скота мужских особей, реализованных или перемещенных на откорм в откормочные площадки или мясоперерабатывающие предприятия с убойной мощностью не менее 300 голов овец в сутки",1,4,2,2
7912,Қарағанды облысы,43,Заявка на получение субсидий на удешевление стоимости затрат на корма сельскохозяйственным животным (маточное поголовье мелкого рогаvтого скота),6,9,5,5
7912,Қарағанды облысы,49,Заявка на получение субсидий за приобретение племенного поголовья свиней,5,5,5,5
7912,Қарағанды облысы,50,Заявка на получение субсидий на ведение селекционной и племенной работы с маточным и ремонтным поголовьем свиней,6,27,21,21
7912,Қарағанды облысы,54,Заявка на получение субсидий за приобретение племенного суточного молодняка родительской/прародительской формы мясного направления птиц ,1,14,9,8
7912,Қарағанды облысы,55,"Заявка на получение субсидий за приобретение суточного молодняка финальной формы яичного направления, полученного от племенной птицы",4,64,55,51
7912,Қарағанды облысы,58,Заявка на получение субсидий на удешевление стоимости производства мяса птицы (мясо птицы) фактическое производство от 5 000 тонн,1,134,130,130
7912,Қарағанды облысы,59,Заявка на получение субсидий на удешевление стоимости производства мяса птицы (мясо птицы) фактическое производство от 500 тонн,1,81,64,60
3527,Алматы облысы,12,Заявка на получение субсидий на ведение селекционной и племенной работы с товарным маточным поголовьем крупного рогатого скота,605,698,648,608
3527,Алматы облысы,13,Заявка на получение субсидий на ведение селекционной и племенной работы с племенным маточным поголовьем крупного рогатого скота,74,114,95,71
3527,Алматы облысы,7,Заявка на получение субсидий за приобретение племенных быков-производителей мясных и мясо-молочных пород,361,476,363,328
3527,Алматы облысы,4,Заявка на получение субсидий за приобретение отечественного племенного маточного поголовья крупного рогатого скота (мясных и мясо-молочных пород),43,104,59,41
3527,Алматы облысы,6,"Заявка на получение субсидий за приобретение импортированного племенного маточного поголовья крупного рогатого скота из Австралии, стран Северной и Южной Америки, стран Европы (мясных и мясо-молочных пород)",1,1,1,0
3527,Алматы облысы,1,"Заявка на получение субсидий за приобретение отечественного племенного маточного поголовья крупного рогатого скота (молочных, молочно-мясных)",4,7,6,5
3527,Алматы облысы,2,"Заявка на получение субсидий за приобретение импортированного племенного маточного поголовья крупного рогатого скота из стран Содружества Независимых Государств, Украины (молочных, молочно-мясных)",4,13,8,0
3527,Алматы облысы,3,"Заявка на получение субсидий за приобретение импортированного племенного маточного поголовья крупного рогатого скота из Австралии, стран Северной и Южной Америки, стран Европы (молочных, молочно-мясных)",7,24,17,8
3527,Алматы облысы,14,Заявка на получение субсидий за приобретеное однополое семя племенного быка молочного/ молочно-мясного и мясного/мясо-молочного направлений,7,38,32,23
3527,Алматы облысы,15,Заявка на получение субсидий за приобретеное двуполое семя племенного быка молочного/ молочно-мясного и мясного/мясо-молочного направлений,7,37,30,19
3527,Алматы облысы,22,"Заявка на получение субсидий на удешевление стоимости крупного рогатого скота (в том числе племенные мужские особи молочных или молочно-мясных пород), реализованных или перемещенных на откорм в откормочные площадки или мясоперерабатывающие предприятия с убойной мощностью не менее 50 голов крупного рогатого скота в сутки",17,40,28,16
3527,Алматы облысы,17,Заявка на получение субсидий на удешевление стоимости производства молока (коровье) с фуражным поголовьем коров от 600 голов,7,268,231,102
3527,Алматы облысы,18,Заявка на получение субсидий на удешевление стоимости производства молока (коровье) с фуражным поголовьем коров от 400 голов,2,37,36,22
3527,Алматы облысы,19,Заявка на получение субсидий на удешевление стоимости производства молока (коровье) с фуражным поголовьем коров от 50 голов,16,346,251,126
3527,Алматы облысы,21,"Заявка на получение субсидий на удешевление стоимости  заготовки говядины мясоперерабатывающими предприятиями, занимающиеся забоем и первичной переработкой мяса крупного рогатого скота",1,2,2,0
3527,Алматы облысы,114,Заявка на удешевление стоимости производства меда,1,1,0,0
3527,Алматы облысы,115,Заявка на удешевление затрат при выращивании племенного молодняка крупного рогатого скота мясного направления,5,11,8,0
3527,Алматы облысы,116,Заявка на удешевление затрат при выращивании племенного молодняка мелкого рогатого скота,28,120,84,0
3527,Алматы облысы,37,Заявка на получение субсидий на ведение селекционной и племенной работы с товарным маточным поголовьем овец,639,663,634,633
3527,Алматы облысы,36,Заявка на получение субсидий на ведение селекционной и племенной работы с племенным маточным поголовьем овец,182,200,184,184
3527,Алматы облысы,31,Заявка на получение субсидий за приобретение отечественных племенных овец,430,608,520,442
3527,Алматы облысы,39,"Заявка на получение субсидий на удешевление стоимости мелкого рогатого скота мужских особей, реализованных или перемещенных на откорм в откормочные площадки или мясоперерабатывающие предприятия с убойной мощностью не менее 300 голов овец в сутки",1,1,1,1
3527,Алматы облысы,44,Заявка на получение субсидий на удешевление стоимости производства молока (кобылье),3,10,9,6
3527,Алматы облысы,47,Заявка на получение субсидий на удешевление стоимости производства молока (верблюжье),4,36,32,19
3527,Алматы облысы,50,Заявка на получение субсидий на ведение селекционной и племенной работы с маточным и ремонтным поголовьем свиней,2,14,10,7
3527,Алматы облысы,53,Заявка на получение субсидий на ведение селекционной и племенной работы с пчелосемьями,22,25,23,23
3527,Алматы облысы,54,Заявка на получение субсидий за приобретение племенного суточного молодняка родительской/прародительской формы мясного направления птиц ,3,55,49,22
3527,Алматы облысы,55,"Заявка на получение субсидий за приобретение суточного молодняка финальной формы яичного направления, полученного от племенной птицы",2,31,19,7
3527,Алматы облысы,56,Заявка на получение субсидий на удешевление стоимости производства мяса птицы (мясо птицы) фактическое производство от 15 000 тонн,4,2902,2739,1184
3527,Алматы облысы,57,Заявка на получение субсидий на удешевление стоимости производства мяса птицы (мясо птицы) фактическое производство от 10 000 тонн,1,129,105,20
3527,Алматы облысы,58,Заявка на получение субсидий на удешевление стоимости производства мяса птицы (мясо птицы) фактическое производство от 5 000 тонн,2,2,0,0
3527,Алматы облысы,59,Заявка на получение субсидий на удешевление стоимости производства мяса птицы (мясо птицы) фактическое производство от 500 тонн,1,110,75,17
6845,Жамбыл облысы,12,Заявка на получение субсидий на ведение селекционной и племенной работы с товарным маточным поголовьем крупного рогатого скота,423,631,607,408
6845,Жамбыл облысы,13,Заявка на получение субсидий на ведение селекционной и племенной работы с племенным маточным поголовьем крупного рогатого скота,62,108,105,60
6845,Жамбыл облысы,7,Заявка на получение субсидий за приобретение племенных быков-производителей мясных и мясо-молочных пород,332,428,353,271
6845,Жамбыл облысы,4,Заявка на получение субсидий за приобретение отечественного племенного маточного поголовья крупного рогатого скота (мясных и мясо-молочных пород),44,108,72,28
6845,Жамбыл облысы,1,"Заявка на получение субсидий за приобретение отечественного племенного маточного поголовья крупного рогатого скота (молочных, молочно-мясных)",15,32,15,13
6845,Жамбыл облысы,2,"Заявка на получение субсидий за приобретение импортированного племенного маточного поголовья крупного рогатого скота из стран Содружества Независимых Государств, Украины (молочных, молочно-мясных)",2,10,3,1
6845,Жамбыл облысы,15,Заявка на получение субсидий за приобретеное двуполое семя племенного быка молочного/ молочно-мясного и мясного/мясо-молочного направлений,1,1,0,0
6845,Жамбыл облысы,22,"Заявка на получение субсидий на удешевление стоимости крупного рогатого скота (в том числе племенные мужские особи молочных или молочно-мясных пород), реализованных или перемещенных на откорм в откормочные площадки или мясоперерабатывающие предприятия с убойной мощностью не менее 50 голов крупного рогатого скота в сутки",97,242,210,93
6845,Жамбыл облысы,109,"Заявка на удешевление стоимости мелкого рогатого скота мужской особи, реализованного на откорм в откормочные площадки или на убой в мясоперерабатывающие предприятия (сезонные поставки)",5,13,13,0
6845,Жамбыл облысы,17,Заявка на получение субсидий на удешевление стоимости производства молока (коровье) с фуражным поголовьем коров от 600 голов,1,41,32,23
6845,Жамбыл облысы,18,Заявка на получение субсидий на удешевление стоимости производства молока (коровье) с фуражным поголовьем коров от 400 голов,1,13,11,0
6845,Жамбыл облысы,19,Заявка на получение субсидий на удешевление стоимости производства молока (коровье) с фуражным поголовьем коров от 50 голов,43,831,581,325
6845,Жамбыл облысы,20,Заявка на получение субсидий на удешевление стоимости производства молока (коровье) Сельскохозяйственный кооператив,45,977,623,331
6845,Жамбыл облысы,114,Заявка на удешевление стоимости производства меда,3,10,5,0
6845,Жамбыл облысы,115,Заявка на удешевление затрат при выращивании племенного молодняка крупного рогатого скота мясного направления,17,75,59,0
6845,Жамбыл облысы,116,Заявка на удешевление затрат при выращивании племенного молодняка мелкого рогатого скота,164,363,302,0
6845,Жамбыл облысы,37,Заявка на получение субсидий на ведение селекционной и племенной работы с товарным маточным поголовьем овец,929,973,934,862
6845,Жамбыл облысы,36,Заявка на получение субсидий на ведение селекционной и племенной работы с племенным маточным поголовьем овец,664,732,704,670
6845,Жамбыл облысы,31,Заявка на получение субсидий за приобретение отечественных племенных овец,973,1604,1319,919
6845,Жамбыл облысы,39,"Заявка на получение субсидий на удешевление стоимости мелкого рогатого скота мужских особей, реализованных или перемещенных на откорм в откормочные площадки или мясоперерабатывающие предприятия с убойной мощностью не менее 300 голов овец в сутки",108,201,146,109
6845,Жамбыл облысы,43,Заявка на получение субсидий на удешевление стоимости затрат на корма сельскохозяйственным животным (маточное поголовье мелкого рогаvтого скота),1,3,1,1
6845,Жамбыл облысы,44,Заявка на получение субсидий на удешевление стоимости производства молока (кобылье),9,113,87,33
6845,Жамбыл облысы,51,Заявка на получение субсидий за приобретение племенного маточного поголовья коз,2,3,3,0
6845,Жамбыл облысы,53,Заявка на получение субсидий на ведение селекционной и племенной работы с пчелосемьями,88,139,80,36
6845,Жамбыл облысы,55,"Заявка на получение субсидий за приобретение суточного молодняка финальной формы яичного направления, полученного от племенной птицы",1,5,4,0
6845,Жамбыл облысы,58,Заявка на получение субсидий на удешевление стоимости производства мяса птицы (мясо птицы) фактическое производство от 5 000 тонн,3,1558,1362,582
6845,Жамбыл облысы,59,Заявка на получение субсидий на удешевление стоимости производства мяса птицы (мясо птицы) фактическое производство от 500 тонн,2,3,0,0
6845,Жамбыл облысы,11,Заявка на получение субсидий племенным и дистрибьютерным центрам за услуги по искусственному осеменению маточного поголовья крупного рогатого скота в крестьянских (фермерских) хозяйствах и сельскохозяйственных кооперативах,1,23,21,17
6845,Жамбыл облысы,35,Заявка на получение субсидий племенным и дистрибьютерным центрам за услуги по искусственному осеменению маточного поголовья овец в хозяйствах и сельскохозяйственных кооперативах,1,38,36,0
9526,Қостанай облысы,12,Заявка на получение субсидий на ведение селекционной и племенной работы с товарным маточным поголовьем крупного рогатого скота,327,551,524,522
9526,Қостанай облысы,13,Заявка на получение субсидий на ведение селекционной и племенной работы с племенным маточным поголовьем крупного рогатого скота,52,82,79,77
9526,Қостанай облысы,7,Заявка на получение субсидий за приобретение племенных быков-производителей мясных и мясо-молочных пород,280,412,351,348
9526,Қостанай облысы,4,Заявка на получение субсидий за приобретение отечественного племенного маточного поголовья крупного рогатого скота (мясных и мясо-молочных пород),40,69,48,48
9526,Қостанай облысы,1,"Заявка на получение субсидий за приобретение отечественного племенного маточного поголовья крупного рогатого скота (молочных, молочно-мясных)",4,7,7,7
9526,Қостанай облысы,2,"Заявка на получение субсидий за приобретение импортированного племенного маточного поголовья крупного рогатого скота из стран Содружества Независимых Государств, Украины (молочных, молочно-мясных)",2,4,2,2
9526,Қостанай облысы,3,"Заявка на получение субсидий за приобретение импортированного племенного маточного поголовья крупного рогатого скота из Австралии, стран Северной и Южной Америки, стран Европы (молочных, молочно-мясных)",3,6,4,4
9526,Қостанай облысы,14,Заявка на получение субсидий за приобретеное однополое семя племенного быка молочного/ молочно-мясного и мясного/мясо-молочного направлений,6,41,38,37
9526,Қостанай облысы,15,Заявка на получение субсидий за приобретеное двуполое семя племенного быка молочного/ молочно-мясного и мясного/мясо-молочного направлений,12,34,26,24
9526,Қостанай облысы,22,"Заявка на получение субсидий на удешевление стоимости крупного рогатого скота (в том числе племенные мужские особи молочных или молочно-мясных пород), реализованных или перемещенных на откорм в откормочные площадки или мясоперерабатывающие предприятия с убойной мощностью не менее 50 голов крупного рогатого скота в сутки",201,786,623,619
9526,Қостанай облысы,17,Заявка на получение субсидий на удешевление стоимости производства молока (коровье) с фуражным поголовьем коров от 600 голов,6,487,469,457
9526,Қостанай облысы,18,Заявка на получение субсидий на удешевление стоимости производства молока (коровье) с фуражным поголовьем коров от 400 голов,9,360,320,302
9526,Қостанай облысы,19,Заявка на получение субсидий на удешевление стоимости производства молока (коровье) с фуражным поголовьем коров от 50 голов,13,264,234,233
9526,Қостанай облысы,20,Заявка на получение субсидий на удешевление стоимости производства молока (коровье) Сельскохозяйственный кооператив,10,489,460,453
9526,Қостанай облысы,115,Заявка на удешевление затрат при выращивании племенного молодняка крупного рогатого скота мясного направления,15,128,96,96
9526,Қостанай облысы,116,Заявка на удешевление затрат при выращивании племенного молодняка мелкого рогатого скота,2,4,3,3
9526,Қостанай облысы,37,Заявка на получение субсидий на ведение селекционной и племенной работы с товарным маточным поголовьем овец,46,50,46,46
9526,Қостанай облысы,36,Заявка на получение субсидий на ведение селекционной и племенной работы с племенным маточным поголовьем овец,10,11,10,10
9526,Қостанай облысы,31,Заявка на получение субсидий за приобретение отечественных племенных овец,22,38,31,30
9526,Қостанай облысы,43,Заявка на получение субсидий на удешевление стоимости затрат на корма сельскохозяйственным животным (маточное поголовье мелкого рогаvтого скота),1,2,1,1
9526,Қостанай облысы,105,Ведение селекционной и племенной работы с племенным маточным поголовьем отечественных пород лошадей верхового и верхово-упряжного направлений ,1,1,1,1
9526,Қостанай облысы,107,"Возмещение затрат на содержание племенного поголовья пород лошадей верхового и верхово-упряжного направлений, выведенных на территории Республики Казахстан",1,2,1,1
9526,Қостанай облысы,49,Заявка на получение субсидий за приобретение племенного поголовья свиней,6,17,9,9
9526,Қостанай облысы,50,Заявка на получение субсидий на ведение селекционной и племенной работы с маточным и ремонтным поголовьем свиней,9,76,67,67
9526,Қостанай облысы,55,"Заявка на получение субсидий за приобретение суточного молодняка финальной формы яичного направления, полученного от племенной птицы",3,30,21,21
9526,Қостанай облысы,58,Заявка на получение субсидий на удешевление стоимости производства мяса птицы (мясо птицы) фактическое производство от 5 000 тонн,3,466,455,420
9526,Қостанай облысы,59,Заявка на получение субсидий на удешевление стоимости производства мяса птицы (мясо птицы) фактическое производство от 500 тонн,4,1253,1192,1182
9526,Қостанай облысы,11,Заявка на получение субсидий племенным и дистрибьютерным центрам за услуги по искусственному осеменению маточного поголовья крупного рогатого скота в крестьянских (фермерских) хозяйствах и сельскохозяйственных кооперативах,1,6,4,4
10492,Қызылорда облысы,12,Заявка на получение субсидий на ведение селекционной и племенной работы с товарным маточным поголовьем крупного рогатого скота,436,690,654,654
10492,Қызылорда облысы,13,Заявка на получение субсидий на ведение селекционной и племенной работы с племенным маточным поголовьем крупного рогатого скота,55,106,89,89
10492,Қызылорда облысы,7,Заявка на получение субсидий за приобретение племенных быков-производителей мясных и мясо-молочных пород,334,646,405,402
10492,Қызылорда облысы,4,Заявка на получение субсидий за приобретение отечественного племенного маточного поголовья крупного рогатого скота (мясных и мясо-молочных пород),50,128,73,71
10492,Қызылорда облысы,1,"Заявка на получение субсидий за приобретение отечественного племенного маточного поголовья крупного рогатого скота (молочных, молочно-мясных)",1,1,1,1
10492,Қызылорда облысы,3,"Заявка на получение субсидий за приобретение импортированного племенного маточного поголовья крупного рогатого скота из Австралии, стран Северной и Южной Америки, стран Европы (молочных, молочно-мясных)",1,10,2,2
10492,Қызылорда облысы,14,Заявка на получение субсидий за приобретеное однополое семя племенного быка молочного/ молочно-мясного и мясного/мясо-молочного направлений,2,11,9,9
10492,Қызылорда облысы,15,Заявка на получение субсидий за приобретеное двуполое семя племенного быка молочного/ молочно-мясного и мясного/мясо-молочного направлений,1,2,0,0
10492,Қызылорда облысы,22,"Заявка на получение субсидий на удешевление стоимости крупного рогатого скота (в том числе племенные мужские особи молочных или молочно-мясных пород), реализованных или перемещенных на откорм в откормочные площадки или мясоперерабатывающие предприятия с убойной мощностью не менее 50 голов крупного рогатого скота в сутки",135,315,220,216
10492,Қызылорда облысы,108,Удешевление стоимости затрат на корма маточному поголовью сельскохозяйственных животных (маточное поголовье крупного рогатого скота молочного и молочно-мясного направления),1,4,4,4
10492,Қызылорда облысы,17,Заявка на получение субсидий на удешевление стоимости производства молока (коровье) с фуражным поголовьем коров от 600 голов,2,36,30,29
10492,Қызылорда облысы,115,Заявка на удешевление затрат при выращивании племенного молодняка крупного рогатого скота мясного направления,19,92,52,48
10492,Қызылорда облысы,116,Заявка на удешевление затрат при выращивании племенного молодняка мелкого рогатого скота,93,239,174,173
10492,Қызылорда облысы,37,Заявка на получение субсидий на ведение селекционной и племенной работы с товарным маточным поголовьем овец,75,80,77,77
10492,Қызылорда облысы,36,Заявка на получение субсидий на ведение селекционной и племенной работы с племенным маточным поголовьем овец,206,232,212,211
10492,Қызылорда облысы,31,Заявка на получение субсидий за приобретение отечественных племенных овец,218,568,413,409
10492,Қызылорда облысы,39,"Заявка на получение субсидий на удешевление стоимости мелкого рогатого скота мужских особей, реализованных или перемещенных на откорм в откормочные площадки или мясоперерабатывающие предприятия с убойной мощностью не менее 300 голов овец в сутки",16,27,24,23
10492,Қызылорда облысы,43,Заявка на получение субсидий на удешевление стоимости затрат на корма сельскохозяйственным животным (маточное поголовье мелкого рогаvтого скота),2,4,2,2
10492,Қызылорда облысы,44,Заявка на получение субсидий на удешевление стоимости производства молока (кобылье),1,39,29,28
10492,Қызылорда облысы,47,Заявка на получение субсидий на удешевление стоимости производства молока (верблюжье),1,48,35,34
10946,Маңғыстау облысы,12,Заявка на получение субсидий на ведение селекционной и племенной работы с товарным маточным поголовьем крупного рогатого скота,1,1,0,0
10946,Маңғыстау облысы,13,Заявка на получение субсидий на ведение селекционной и племенной работы с племенным маточным поголовьем крупного рогатого скота,1,1,0,0
10946,Маңғыстау облысы,7,Заявка на получение субсидий за приобретение племенных быков-производителей мясных и мясо-молочных пород,1,1,0,0
10946,Маңғыстау облысы,4,Заявка на получение субсидий за приобретение отечественного племенного маточного поголовья крупного рогатого скота (мясных и мясо-молочных пород),1,3,1,1
10946,Маңғыстау облысы,24,Удешевление стоимости затрат на корма сельскохозяйственным животным (маточное поголовье крупного рогатого скота),280,531,467,444
10946,Маңғыстау облысы,37,Заявка на получение субсидий на ведение селекционной и племенной работы с товарным маточным поголовьем овец,1,1,1,1
10946,Маңғыстау облысы,36,Заявка на получение субсидий на ведение селекционной и племенной работы с племенным маточным поголовьем овец,2,5,2,2
10946,Маңғыстау облысы,31,Заявка на получение субсидий за приобретение отечественных племенных овец,3,8,3,2
10946,Маңғыстау облысы,40,Удешевление стоимости затрат на корма сельскохозяйственным животным (маточное поголовье мелкого рогатого скота),568,1210,1001,673
10946,Маңғыстау облысы,43,Заявка на получение субсидий на удешевление стоимости затрат на корма сельскохозяйственным животным (маточное поголовье мелкого рогаvтого скота),2,2,2,2
10946,Маңғыстау облысы,45,Удешевление стоимости затрат на корма сельскохозяйственным животным (маточное поголовье лошадей),1034,2222,1877,1451
10946,Маңғыстау облысы,46,Заявка на получение субсидий за приобретение племенного верблюда-производителя,1,1,1,1
10946,Маңғыстау облысы,47,Заявка на получение субсидий на удешевление стоимости производства молока (верблюжье),4,11,8,7
10946,Маңғыстау облысы,48,Удешевление стоимости затрат на корма сельскохозяйственным животным (маточное поголовье верблюдов),980,2128,1762,1252
10946,Маңғыстау облысы,59,Заявка на получение субсидий на удешевление стоимости производства мяса птицы (мясо птицы) фактическое производство от 500 тонн,1,26,22,22
14414,Ұлытау облысы,12,Заявка на получение субсидий на ведение селекционной и племенной работы с товарным маточным поголовьем крупного рогатого скота,342,451,419,418
14414,Ұлытау облысы,13,Заявка на получение субсидий на ведение селекционной и племенной работы с племенным маточным поголовьем крупного рогатого скота,57,94,85,84
14414,Ұлытау облысы,7,Заявка на получение субсидий за приобретение племенных быков-производителей мясных и мясо-молочных пород,222,307,241,239
14414,Ұлытау облысы,4,Заявка на получение субсидий за приобретение отечественного племенного маточного поголовья крупного рогатого скота (мясных и мясо-молочных пород),38,89,75,73
14414,Ұлытау облысы,1,"Заявка на получение субсидий за приобретение отечественного племенного маточного поголовья крупного рогатого скота (молочных, молочно-мясных)",1,2,1,1
14414,Ұлытау облысы,22,"Заявка на получение субсидий на удешевление стоимости крупного рогатого скота (в том числе племенные мужские особи молочных или молочно-мясных пород), реализованных или перемещенных на откорм в откормочные площадки или мясоперерабатывающие предприятия с убойной мощностью не менее 50 голов крупного рогатого скота в сутки",16,55,33,33
14414,Ұлытау облысы,19,Заявка на получение субсидий на удешевление стоимости производства молока (коровье) с фуражным поголовьем коров от 50 голов,5,66,56,56
14414,Ұлытау облысы,115,Заявка на удешевление затрат при выращивании племенного молодняка крупного рогатого скота мясного направления,8,21,18,18
14414,Ұлытау облысы,116,Заявка на удешевление затрат при выращивании племенного молодняка мелкого рогатого скота,1,6,6,6
14414,Ұлытау облысы,37,Заявка на получение субсидий на ведение селекционной и племенной работы с товарным маточным поголовьем овец,50,50,50,49
14414,Ұлытау облысы,36,Заявка на получение субсидий на ведение селекционной и племенной работы с племенным маточным поголовьем овец,8,8,8,8
14414,Ұлытау облысы,31,Заявка на получение субсидий за приобретение отечественных племенных овец,40,59,56,56
14414,Ұлытау облысы,43,Заявка на получение субсидий на удешевление стоимости затрат на корма сельскохозяйственным животным (маточное поголовье мелкого рогаvтого скота),2,4,2,2
14414,Ұлытау облысы,55,"Заявка на получение субсидий за приобретение суточного молодняка финальной формы яичного направления, полученного от племенной птицы",1,5,1,1
14414,Ұлытау облысы,59,Заявка на получение субсидий на удешевление стоимости производства мяса птицы (мясо птицы) фактическое производство от 500 тонн,1,1,0,0
7422,Жетісу облысы,12,Заявка на получение субсидий на ведение селекционной и племенной работы с товарным маточным поголовьем крупного рогатого скота,1006,1323,1281,1280
7422,Жетісу облысы,13,Заявка на получение субсидий на ведение селекционной и племенной работы с племенным маточным поголовьем крупного рогатого скота,221,377,358,358
7422,Жетісу облысы,7,Заявка на получение субсидий за приобретение племенных быков-производителей мясных и мясо-молочных пород,665,893,814,811
7422,Жетісу облысы,4,Заявка на получение субсидий за приобретение отечественного племенного маточного поголовья крупного рогатого скота (мясных и мясо-молочных пород),146,275,241,234
7422,Жетісу облысы,1,"Заявка на получение субсидий за приобретение отечественного племенного маточного поголовья крупного рогатого скота (молочных, молочно-мясных)",7,9,7,7
7422,Жетісу облысы,3,"Заявка на получение субсидий за приобретение импортированного племенного маточного поголовья крупного рогатого скота из Австралии, стран Северной и Южной Америки, стран Европы (молочных, молочно-мясных)",3,11,7,7
7422,Жетісу облысы,14,Заявка на получение субсидий за приобретеное однополое семя племенного быка молочного/ молочно-мясного и мясного/мясо-молочного направлений,3,3,3,3
7422,Жетісу облысы,15,Заявка на получение субсидий за приобретеное двуполое семя племенного быка молочного/ молочно-мясного и мясного/мясо-молочного направлений,3,6,6,6
7422,Жетісу облысы,22,"Заявка на получение субсидий на удешевление стоимости крупного рогатого скота (в том числе племенные мужские особи молочных или молочно-мясных пород), реализованных или перемещенных на откорм в откормочные площадки или мясоперерабатывающие предприятия с убойной мощностью не менее 50 голов крупного рогатого скота в сутки",38,104,97,94
7422,Жетісу облысы,17,Заявка на получение субсидий на удешевление стоимости производства молока (коровье) с фуражным поголовьем коров от 600 голов,3,145,142,138
7422,Жетісу облысы,18,Заявка на получение субсидий на удешевление стоимости производства молока (коровье) с фуражным поголовьем коров от 400 голов,1,45,44,42
7422,Жетісу облысы,19,Заявка на получение субсидий на удешевление стоимости производства молока (коровье) с фуражным поголовьем коров от 50 голов,12,226,209,208
7422,Жетісу облысы,20,Заявка на получение субсидий на удешевление стоимости производства молока (коровье) Сельскохозяйственный кооператив,5,55,38,37
7422,Жетісу облысы,114,Заявка на удешевление стоимости производства меда,1,2,1,1
7422,Жетісу облысы,115,Заявка на удешевление затрат при выращивании племенного молодняка крупного рогатого скота мясного направления,44,85,48,44
7422,Жетісу облысы,116,Заявка на удешевление затрат при выращивании племенного молодняка мелкого рогатого скота,20,51,37,35
7422,Жетісу облысы,37,Заявка на получение субсидий на ведение селекционной и племенной работы с товарным маточным поголовьем овец,588,611,583,583
7422,Жетісу облысы,36,Заявка на получение субсидий на ведение селекционной и племенной работы с племенным маточным поголовьем овец,168,186,167,166
7422,Жетісу облысы,31,Заявка на получение субсидий за приобретение отечественных племенных овец,426,590,519,517
7422,Жетісу облысы,39,"Заявка на получение субсидий на удешевление стоимости мелкого рогатого скота мужских особей, реализованных или перемещенных на откорм в откормочные площадки или мясоперерабатывающие предприятия с убойной мощностью не менее 300 голов овец в сутки",4,15,12,12
7422,Жетісу облысы,43,Заявка на получение субсидий на удешевление стоимости затрат на корма сельскохозяйственным животным (маточное поголовье мелкого рогаvтого скота),2,2,2,2
7422,Жетісу облысы,44,Заявка на получение субсидий на удешевление стоимости производства молока (кобылье),1,2,2,2
7422,Жетісу облысы,49,Заявка на получение субсидий за приобретение племенного поголовья свиней,1,6,3,2
7422,Жетісу облысы,50,Заявка на получение субсидий на ведение селекционной и племенной работы с маточным и ремонтным поголовьем свиней,2,10,8,8
7422,Жетісу облысы,53,Заявка на получение субсидий на ведение селекционной и племенной работы с пчелосемьями,18,19,18,18
7422,Жетісу облысы,55,"Заявка на получение субсидий за приобретение суточного молодняка финальной формы яичного направления, полученного от племенной птицы",1,45,33,33
7422,Жетісу облысы,59,Заявка на получение субсидий на удешевление стоимости производства мяса птицы (мясо птицы) фактическое производство от 500 тонн,1,1,0,0
7422,Жетісу облысы,11,Заявка на получение субсидий племенным и дистрибьютерным центрам за услуги по искусственному осеменению маточного поголовья крупного рогатого скота в крестьянских (фермерских) хозяйствах и сельскохозяйственных кооперативах,4,40,36,30
7422,Жетісу облысы,110,"Заявка на удешевление стоимости свиней, реализованных или перемещенных на убой в мясоперерабатывающие предприятия или на убойные пункты",1,15,15,15
1,Абай облысы,12,Заявка на получение субсидий на ведение селекционной и племенной работы с товарным маточным поголовьем крупного рогатого скота,1146,1695,1641,1634
1,Абай облысы,13,Заявка на получение субсидий на ведение селекционной и племенной работы с племенным маточным поголовьем крупного рогатого скота,509,934,906,897
1,Абай облысы,7,Заявка на получение субсидий за приобретение племенных быков-производителей мясных и мясо-молочных пород,927,1365,1171,1140
1,Абай облысы,4,Заявка на получение субсидий за приобретение отечественного племенного маточного поголовья крупного рогатого скота (мясных и мясо-молочных пород),388,686,614,498
1,Абай облысы,1,"Заявка на получение субсидий за приобретение отечественного племенного маточного поголовья крупного рогатого скота (молочных, молочно-мясных)",6,7,7,4
1,Абай облысы,2,"Заявка на получение субсидий за приобретение импортированного племенного маточного поголовья крупного рогатого скота из стран Содружества Независимых Государств, Украины (молочных, молочно-мясных)",1,2,2,2
1,Абай облысы,3,"Заявка на получение субсидий за приобретение импортированного племенного маточного поголовья крупного рогатого скота из Австралии, стран Северной и Южной Америки, стран Европы (молочных, молочно-мясных)",2,9,8,8
1,Абай облысы,15,Заявка на получение субсидий за приобретеное двуполое семя племенного быка молочного/ молочно-мясного и мясного/мясо-молочного направлений,2,7,5,4
1,Абай облысы,22,"Заявка на получение субсидий на удешевление стоимости крупного рогатого скота (в том числе племенные мужские особи молочных или молочно-мясных пород), реализованных или перемещенных на откорм в откормочные площадки или мясоперерабатывающие предприятия с убойной мощностью не менее 50 голов крупного рогатого скота в сутки",162,282,246,156
1,Абай облысы,17,Заявка на получение субсидий на удешевление стоимости производства молока (коровье) с фуражным поголовьем коров от 600 голов,2,54,48,44
1,Абай облысы,18,Заявка на получение субсидий на удешевление стоимости производства молока (коровье) с фуражным поголовьем коров от 400 голов,3,108,93,85
1,Абай облысы,19,Заявка на получение субсидий на удешевление стоимости производства молока (коровье) с фуражным поголовьем коров от 50 голов,1,6,3,3
1,Абай облысы,20,Заявка на получение субсидий на удешевление стоимости производства молока (коровье) Сельскохозяйственный кооператив,2,41,38,34
1,Абай облысы,114,Заявка на удешевление стоимости производства меда,3,5,4,0
1,Абай облысы,115,Заявка на удешевление затрат при выращивании племенного молодняка крупного рогатого скота мясного направления,125,258,233,145
1,Абай облысы,116,Заявка на удешевление затрат при выращивании племенного молодняка мелкого рогатого скота,82,188,178,133
1,Абай облысы,37,Заявка на получение субсидий на ведение селекционной и племенной работы с товарным маточным поголовьем овец,268,273,270,270
1,Абай облысы,36,Заявка на получение субсидий на ведение селекционной и племенной работы с племенным маточным поголовьем овец,324,345,343,341
1,Абай облысы,31,Заявка на получение субсидий за приобретение отечественных племенных овец,364,618,542,480
1,Абай облысы,43,Заявка на получение субсидий на удешевление стоимости затрат на корма сельскохозяйственным животным (маточное поголовье мелкого рогаvтого скота),5,7,5,4
1,Абай облысы,53,Заявка на получение субсидий на ведение селекционной и племенной работы с пчелосемьями,24,27,24,24
1,Абай облысы,55,"Заявка на получение субсидий за приобретение суточного молодняка финальной формы яичного направления, полученного от племенной птицы",1,2,1,1
1,Абай облысы,58,Заявка на получение субсидий на удешевление стоимости производства мяса птицы (мясо птицы) фактическое производство от 5 000 тонн,2,1872,1747,1468
1,Абай облысы,35,Заявка на получение субсидий племенным и дистрибьютерным центрам за услуги по искусственному осеменению маточного поголовья овец в хозяйствах и сельскохозяйственных кооперативах,2,6,6,0
